{"batch": [1, 2, 3, 4, 5, 6, 7, 8, 9, 10, 11, 12, 13, 14, 15, 16, 17, 18, 19, 20, 21, 22, 23, 24, 25, 26, 27, 28, 29, 30, 31, 32, 33, 34, 35, 36, 37, 38, 39, 40, 41, 42, 43, 44, 1, 2, 3, 4, 5, 6, 7, 8, 9, 10, 11, 12, 13, 14, 15, 16, 17, 18, 19, 20, 21, 22, 23, 24, 25, 26, 27, 28, 29, 30, 31, 32, 33, 34, 35, 36, 37, 1, 2, 3, 4, 5, 6, 7, 8, 9, 10, 1, 2, 3, 4, 5, 6, 7, 8, 9, 10, 11, 12, 13, 14, 15, 16, 17, 18, 19, 20, 21, 22, 23, 24, 25, 26, 27, 28, 29, 30, 31, 32, 33, 34, 35, 36, 37, 38, 39, 40, 41, 42, 43, 44, 45, 46, 47, 48, 49, 50, 51, 52, 53, 54, 55, 56, 57, 58, 59, 60, 61, 62, 63, 64, 65, 66, 67, 68, 69, 70, 71, 72, 73, 74, 75, 76, 77, 78, 79, 80, 81, 82, 83, 84, 85, 86, 87, 88, 89, 90, 91, 92, 93, 1, 2, 3, 4, 5, 6, 7, 8, 9, 10, 11, 12, 13, 14, 15, 16, 17, 18, 19, 20, 21, 22, 23, 24, 25, 26, 27, 28, 29, 30, 31, 32, 33, 34, 35, 36, 37, 38, 39, 40, 41, 42, 43, 44, 45, 46, 47, 48, 49, 50, 51, 52, 53, 54, 55, 56, 57, 1, 2, 3, 4, 5, 6, 7, 8, 9, 10, 11, 12, 13, 14, 15, 16, 17, 18, 19, 20, 21, 22, 23, 24, 25, 26, 27], "rmse": [78.90588659267662, 66.7017271862839, 35.354381559561745, 27.52601218947111, 40.960820582552074, 28.356239667965742, 30.736828745373046, 20.923636361262876, 18.221362673562705, 50.99744613615656, 40.81007436003992, 16.533828280377815, 16.543409395437664, 17.935468787439582, 42.30239481990707, 27.742225717057003, 21.07313315689052, 18.036667065701206, 21.923144451710712, 21.62868592893143, 25.959063409138498, 16.854225842767768, 18.420801228787813, 16.079722955589787, 12.16011074072735, 25.804008638054675, 19.813776843132572, 25.206914940483014, 13.097992831917809, 13.843291141454195, 17.927021789440694, 21.900838855259487, 12.864347099801062, 13.683017945848338, 12.022681176231014, 34.884692422615956, 19.577944599608625, 19.83039318012576, 14.537947728300201, 11.87140638543008, 7.642938027434244, 24.225196148574884, 15.59390633424688, 12.774992987177946, 18.677768078698588, 18.856579198837892, 14.398252693967041, 13.661074919847191, 15.250311938322161, 10.416074010910538, 19.287384973928326, 15.674677343905605, 10.920244580738585, 10.71863933908523, 11.271309788691697, 15.18722090955047, 26.679432993562788, 9.425125516095568, 11.38647637182704, 22.895904633552473, 12.136241902043379, 25.757606760220003, 15.882789346179527, 9.846496553996534, 9.749524091774834, 16.435215900514454, 20.387772217991124, 32.98264530528132, 13.431056458718556, 8.680020901844811, 7.64425261511571, 14.357994691477165, 16.189612253647656, 9.618376696269703, 10.349347824458851, 11.527402174898496, 24.97417318946126, 23.609947837045716, 16.517884023144564, 11.567883533749683, 15.799029003730919, 29.69290544579867, 13.974297944888015, 16.274848903826168, 15.095287035926884, 25.232481065680567, 9.776270227274107, 11.102103875432553, 14.34021779823625, 10.478715552808932, 14.761791904268224, 9.098015526667549, 25.19645937197135, 16.158127560513503, 17.173046797572074, 25.988566527290743, 10.987422632229682, 14.70528236946545, 15.953327798518012, 9.445397391746933, 10.618852766420646, 10.248299134247175, 13.920567816377773, 11.677851048482903, 9.20219970251535, 14.046046649725168, 12.817570701979086, 14.141111429464017, 11.204390021066212, 23.33735165798605, 15.470512126703552, 10.676657859231165, 14.461400447003145, 13.300243029140638, 10.911344795069738, 12.747081530129153, 10.349290149029859, 8.91880953940749, 12.094002542308283, 12.115075934125775, 13.507436502355477, 9.123959080593925, 14.162921670172894, 11.224858019640921, 21.65865320438431, 12.185812986074701, 9.032626386713558, 12.389286846690117, 10.954213611332733, 9.129171716982086, 10.361816534195752, 8.808965003857315, 7.784604528889683, 11.66534085517128, 8.806236722232178, 11.45951963935547, 17.921574257154134, 7.415914175731604, 12.556801178317576, 9.693868144620488, 9.602920021201166, 13.34686989801281, 6.865954828522403, 23.11946709392237, 11.435257906223963, 12.688873863323769, 12.000686032092153, 19.19014949918405, 12.671699900565905, 7.92102022372656, 7.924375096177104, 11.49805749736834, 8.38758680838347, 9.284567772152956, 8.771210817637108, 12.944772666253684, 8.500822549940148, 7.546262954742648, 11.715952652826212, 8.657645789531951, 8.554783793557739, 8.589989813529085, 9.4514621760549, 11.439747980035895, 15.132938930742878, 11.076364345490394, 8.365290406692303, 11.347332979570346, 11.10133158964476, 9.650962483604326, 7.818382259965297, 9.402354449604188, 7.42602952003817, 8.342779277417891, 5.94948863472273, 9.56987735745798, 9.981119614263514, 7.021016050150888, 9.099532659412588, 12.255654165434871, 7.204801692342045, 9.27124543283245, 5.2006192956583694, 18.077851589581574, 9.979706882998528, 14.865465307326193, 9.774894665585784, 9.80097562356171, 12.889224825532816, 9.129846386287886, 11.158710735125185, 7.965758006671593, 8.631914973833151, 11.1314239411413, 8.9825721596597, 11.022089388596987, 7.12194139839235, 8.189604307584252, 8.016885013149604, 6.328427055257632, 8.003235247773004, 9.541771934146052, 6.733347527019252, 8.108052680764159, 7.1412100286544336, 13.577424318945583, 10.299625218437724, 5.801834841975981, 10.192016612838541, 10.440223655157684, 10.445394431102539, 8.319418263801701, 15.977486902047433, 10.240864013149068, 10.779463815387189, 8.16107146868938, 11.267663142246311, 8.600203570424581, 8.772737463269653, 8.129882981387295, 8.360199019206632, 8.935986210071619, 7.7384240445079815, 6.9623463335698785, 9.265455138968484, 14.27570825473597, 6.249344058536884, 8.143056309665399, 10.453878058353853, 5.541558163872846, 15.14060928733941, 6.735106720767311, 6.515369515828405, 12.581902768015311, 9.377962065656641, 9.899173652998641, 11.672820954564488, 9.010558705487947, 11.68633543191975, 9.456567049521256, 7.647006423946322, 9.653429103148573, 7.6367991694637, 8.86473404605864, 10.016344424305695, 10.917281888439367, 8.153682828312856, 7.952518234904994, 7.855925495537034, 4.991012918523506, 8.931915720670975, 8.138654299039494, 6.950449584448147, 7.800276424757397, 5.832419220256901, 7.977493403278289, 9.325873366442453, 5.955013288135613, 7.780310110909913, 6.406644348988941, 6.736154767076296, 9.397593060663738, 7.202191223739282, 6.724344556143109, 5.970577135705106, 4.478445565069521, 9.858911918102054, 7.2199726280427035]}